{
    "goldenuhc.annie": {
    "category": "neutral",
        "sounds": [
            "goldenuhc/annie"
        ]
    },
    "goldenuhc.armin": {
    "category": "neutral",
        "sounds": [
            "goldenuhc/armin"
        ]
    },
    "goldenuhc.bestial": {
    "category": "neutral",
        "sounds": [
            "goldenuhc/bestial"
        ]
    },
    "goldenuhc.charrette": {
    "category": "neutral",
        "sounds": [
            "goldenuhc/charrette"
        ]
    },
    "goldenuhc.colossal": {
    "category": "neutral",
        "sounds": [
            "goldenuhc/colossal"
        ]
    },
    "goldenuhc.conny": {
    "category": "neutral",
        "sounds": [
            "goldenuhc/conny"
        ]
    },
    "goldenuhc.cuirasse": {
    "category": "neutral",
        "sounds": [
            "goldenuhc/cuirasse"
        ]
    },
    "goldenuhc.deviant": {
    "category": "neutral",
        "sounds": [
            "goldenuhc/deviant"
        ]
    },
    "goldenuhc.eclaireur": {
    "category": "neutral",
        "sounds": [
            "goldenuhc/eclaireur"
        ]
    },
    "goldenuhc.eren": {
    "category": "neutral",
        "sounds": [
            "goldenuhc/eren"
        ]
    },
    "goldenuhc.erwin": {
    "category": "neutral",
        "sounds": [
            "goldenuhc/erwin"
        ]
    },
    "goldenuhc.gabi": {
    "category": "neutral",
        "sounds": [
            "goldenuhc/gabi"
        ]
    },
    "goldenuhc.hansi": {
    "category": "neutral",
        "sounds": [
            "goldenuhc/hansi"
        ]
    },
    "goldenuhc.jean": {
    "category": "neutral",
        "sounds": [
            "goldenuhc/jean"
        ]
    },
    "goldenuhc.jelena": {
    "category": "neutral",
        "sounds": [
            "goldenuhc/jelena"
        ]
    },
    "goldenuhc.keithshadis": {
    "category": "neutral",
        "sounds": [
            "goldenuhc/keithshadis"
        ]
    },
    "goldenuhc.livai": {
    "category": "neutral",
        "sounds": [
            "goldenuhc/livai"
        ]
    },
    "goldenuhc.machoire": {
    "category": "neutral",
        "sounds": [
            "goldenuhc/machoire"
        ]
    },
    "goldenuhc.mikasa": {
    "category": "neutral",
        "sounds": [
            "goldenuhc/mikasa"
        ]
    },
    "goldenuhc.soldat": {
    "category": "neutral",
        "sounds": [
            "goldenuhc/soldat"
        ]
    },
    "goldenuhc.titan": {
    "category": "neutral",
        "sounds": [
            "goldenuhc/titan"
        ]
    },
    "goldenuhc.ultime": {
    "category": "neutral",
        "sounds": [
            "goldenuhc/ultime"
        ]
    },
    "goldenuhc.warhammer": {
    "category": "neutral",
        "sounds": [
            "goldenuhc/warhammer"
        ]
    },
    "goldenuhc.magath": {
    "category": "neutral",
        "sounds": [
            "goldenuhc/magath"
        ]
    },
    "goldenuhc.sasha": {
    "category": "neutral",
        "sounds": [
            "goldenuhc/sasha"
        ]
    },
    "goldenuhc.niccolo": {
    "category": "neutral",
        "sounds": [
            "goldenuhc/niccolo"
        ]
    },
    "goldenuhc.falco": {
    "category": "neutral",
        "sounds": [
            "goldenuhc/falco"
        ]
    },
    "goldenuhc.onyankopon": {
    "category": "neutral",
        "sounds": [
            "goldenuhc/onyankopon"
        ]
    },
    "goldenuhc.motivation": {
    "category": "neutral",
        "sounds": [
            "goldenuhc/motivation"
        ]
    },
    "goldenuhc.bestialcri": {
    "category": "neutral",
        "sounds": [
            "goldenuhc/bestialcri"
        ]
    },
    "goldenuhc.transfoultime": {
    "category": "neutral",
        "sounds": [
            "goldenuhc/transfoultime"
        ]
    },
    "goldenuhc.aot_op1": {
    "category": "neutral",
        "sounds": [
            "goldenuhc/aot_op1"
        ]
    },
    "goldenuhc.aot_op2": {
    "category": "neutral",
        "sounds": [
            "goldenuhc/aot_op2"
        ]
    },
    "goldenuhc.aot_op3": {
    "category": "neutral",
        "sounds": [
            "goldenuhc/aot_op3"
        ]
    },
    "goldenuhc.aot_op4": {
    "category": "neutral",
        "sounds": [
            "goldenuhc/aot_op4"
        ]
    },
    "goldenuhc.aot_op5": {
    "category": "neutral",
        "sounds": [
            "goldenuhc/aot_op5"
        ]
    },
    "goldenuhc.aot_op6": {
    "category": "neutral",
        "sounds": [
            "goldenuhc/aot_op6"
        ]
    },
    "goldenuhc.aot_ending1": {
    "category": "neutral",
        "sounds": [
            "goldenuhc/aot_ending1"
        ]
    },
    "goldenuhc.aot_ending2": {
    "category": "neutral",
        "sounds": [
            "goldenuhc/aot_ending2"
        ]
    },
    "goldenuhc.aot_ending3": {
    "category": "neutral",
        "sounds": [
            "goldenuhc/aot_ending3"
        ]
    },
    "goldenuhc.aot_ending4": {
    "category": "neutral",
        "sounds": [
            "goldenuhc/aot_ending4"
        ]
    },
    "goldenuhc.aot_ending5": {
    "category": "neutral",
        "sounds": [
            "goldenuhc/aot_ending5"
        ]
    },
    "goldenuhc.aot_ending6": {
    "category": "neutral",
        "sounds": [
            "goldenuhc/aot_ending6"
        ]
    }
}
